multiverse_id,mtgo_id,set_code,collector_number,lang,rarity,name,mana_cost,cmc,type_line,artist,usd_price,usd_foil_price,eur_price,tix_price,image_uri,scryfall_uri
447139,68167,M19,3,en,M,"Ajani, Adversary of Tyrants",{2}{W}{W},4,Legendary Planeswalker — Ajani,Victor Adame Minguez,2.51,15.34,3.24,0.06,https://img.scryfall.com/cards/large/front/4/c/4c565076-5db2-47ea-8ee0-4a4fd7bb353d.jpg?1562302134,https://scryfall.com/card/m19/3/ajani-adversary-of-tyrants
370680,49245,M14,1,en,M,"Ajani, Caller of the Pride",{1}{W}{W},3,Legendary Planeswalker — Ajani,D. Alexander Gregory,3.71,8.77,4.22,0.06,https://img.scryfall.com/cards/large/front/3/3/33e44e04-8330-49ca-906c-bb9bf0bc84ce.jpg?1562827754,https://scryfall.com/card/m14/1/ajani-caller-of-the-pride
205957,37138,M11,1,en,M,Ajani Goldmane,{2}{W}{W},4,Legendary Planeswalker — Ajani,Aleksi Briclot,6.28,13.91,3.43,0.04,https://img.scryfall.com/cards/large/front/2/d/2d911053-a026-4b20-ba2d-dbcc367c1413.jpg?1562454645,https://scryfall.com/card/m11/1/ajani-goldmane
469835,73481,M20,282,en,M,"Ajani, Inspiring Leader",{4}{W}{W},6,Legendary Planeswalker — Ajani,Yongjae Choi,,5.62,,,https://img.scryfall.com/cards/large/front/d/b/dba41e5f-66b8-4459-8a07-bbe893216f1e.jpg?1563900139,https://scryfall.com/card/m20/282/ajani-inspiring-leader
380367,52134,JOU,145,en,M,"Ajani, Mentor of Heroes",{3}{G}{W},5,Legendary Planeswalker — Ajani,Aaron Miller,9.04,24.48,8.56,0.14,https://img.scryfall.com/cards/large/front/4/a/4a30bcfa-6f95-450f-aea7-885983d7c6a5.jpg?1562210243,https://scryfall.com/card/jou/145/ajani-mentor-of-heroes
383180,53504,M15,1,en,M,Ajani Steadfast,{3}{W},4,Legendary Planeswalker — Ajani,Chris Rahn,8.91,20.21,5.85,0.21,https://img.scryfall.com/cards/large/front/f/9/f9302ba8-7ff2-4eaa-a32d-eedd94f0bb79.jpg?1562797301,https://scryfall.com/card/m15/1/ajani-steadfast
466756,72903,M20,2,en,M,"Ajani, Strength of the Pride",{2}{W}{W},4,Legendary Planeswalker — Ajani,Chris Rallis,4.7,11.68,4.37,9.86,https://img.scryfall.com/cards/large/front/7/9/79883468-a37c-4894-8d05-6a4d150b7d59.jpg?1563898178,https://scryfall.com/card/m20/2/ajani-strength-of-the-pride
461111,71974,WAR,184,en,R,"Ajani, the Greathearted",{2}{G}{W},4,Legendary Planeswalker — Ajani,Victor Adame Minguez,0.64,1.87,0.51,0.02,https://img.scryfall.com/cards/large/front/6/c/6cc78151-8cb0-4521-9674-fb0c67e24a17.jpg?1557577057,https://scryfall.com/card/war/184/ajani-the-greathearted
423794,62831,AER,127,en,M,Ajani Unyielding,{4}{G}{W},6,Legendary Planeswalker — Ajani,Kieran Yanner,1.67,4.3,1.72,0.02,https://img.scryfall.com/cards/large/front/2/3/23b82ee9-2ac6-4b81-8c64-dd4f47c2d8cb.jpg?1562903471,https://scryfall.com/card/aer/127/ajani-unyielding
425692,63020,AER,185,en,M,"Ajani, Valiant Protector",{4}{G}{W},6,Legendary Planeswalker — Ajani,Anna Steinbauer,,2.29,3.29,,https://img.scryfall.com/cards/large/front/7/9/791fdd9a-0ab6-4db9-84f9-859d2d862518.jpg?1562923558,https://scryfall.com/card/aer/185/ajani-valiant-protector
266299,42174,DDH,1,en,M,Ajani Vengeant,{2}{R}{W},4,Legendary Planeswalker — Ajani,Izzy,,3.96,2.23,0.67,https://img.scryfall.com/cards/large/front/f/3/f3bf1867-aab4-4935-b891-45489ebeb231.jpg?1562952828,https://scryfall.com/card/ddh/1/ajani-vengeant
450228,68095,M19,281,en,M,"Ajani, Wise Counselor",{3}{W}{W},5,Legendary Planeswalker — Ajani,Eric Deschamps,,6.75,4.99,,https://img.scryfall.com/cards/large/front/b/4/b4a22ecc-3a5c-44a1-bb52-bbeffa2dbf17.jpg?1562303853,https://scryfall.com/card/m19/281/ajani-wise-counselor
450638,,C18,37,en,M,"Aminatou, the Fateshifter",{W}{U}{B},3,Legendary Planeswalker — Aminatou,Seb McKinnon,,3.7,3.58,,https://img.scryfall.com/cards/large/front/1/6/16b9f43a-9c3f-4bfa-9eb1-734189a4bb1f.jpg?1561900226,https://scryfall.com/card/c18/37/aminatou-the-fateshifter
461154,72060,WAR,227,en,U,"Angrath, Captain of Chaos",{2}{B/R}{B/R},4,Legendary Planeswalker — Angrath,Slawomir Maniak,0.22,0.93,0.1,0.01,https://img.scryfall.com/cards/large/front/a/a/aa3a4cb5-945e-4caf-8a18-1ef977879fe8.jpg?1557577337,https://scryfall.com/card/war/227/angrath-captain-of-chaos
441895,66869,RIX,201,en,M,"Angrath, Minotaur Pirate",{4}{B}{R},6,Legendary Planeswalker — Angrath,Chris Rahn,,1.47,2.59,,https://img.scryfall.com/cards/large/front/f/1/f17103dd-f31b-4f6e-b2ea-4ea91815bdd6.jpg?1555041190,https://scryfall.com/card/rix/201/angrath-minotaur-pirate
439809,66757,RIX,152,en,M,"Angrath, the Flame-Chained",{3}{B}{R},5,Legendary Planeswalker — Angrath,Raymond Swanland,2.8,11.7,2.59,0.11,https://img.scryfall.com/cards/large/front/a/4/a4d76d03-4fcf-42f8-8c2e-ad6b03d58677.jpg?1555040781,https://scryfall.com/card/rix/152/angrath-the-flame-chained
410007,59762,SOI,243,en,M,"Arlinn Kord // Arlinn, Embraced by the Moon",{2}{R}{G},4,Legendary Planeswalker — Arlinn // Legendary Planeswalker — Arlinn,Winona Nelson,3.84,6.91,2.33,0.06,https://img.scryfall.com/cards/large/front/b/3/b37aa12c-a6b3-4cf8-b5a4-0a999ff12d02.jpg?1562702944,https://scryfall.com/card/soi/243/arlinn-kord-arlinn-embraced-by-the-moon
461077,71906,WAR,150,en,U,"Arlinn, Voice of the Pack",{4}{G}{G},6,Legendary Planeswalker — Arlinn,Ryan Pancoast,0.19,0.8,0.08,0.01,https://img.scryfall.com/cards/large/front/5/3/5391d2f1-e8d3-4d39-98cf-367888e10534.jpg?1557576846,https://scryfall.com/card/war/150/arlinn-voice-of-the-pack
461155,72062,WAR,228,en,U,"Ashiok, Dream Render",{1}{U/B}{U/B},3,Legendary Planeswalker — Ashiok,Cynthia Sheppard,1,10.42,0.72,0.4,https://img.scryfall.com/cards/large/front/f/2/f2df3258-c053-48a8-974f-d80899b2cd93.jpg?1557577343,https://scryfall.com/card/war/228/ashiok-dream-render
373500,50310,THS,188,en,M,"Ashiok, Nightmare Weaver",{1}{U}{B},3,Legendary Planeswalker — Ashiok,Karla Ortiz,6.21,18.78,5.23,0.25,https://img.scryfall.com/cards/large/front/5/9/599c3c9f-dfb7-4357-9d9c-9a1a4616b103.jpg?1562818514,https://scryfall.com/card/ths/188/ashiok-nightmare-weaver
195402,34756,ZEN,120,en,M,Chandra Ablaze,{4}{R}{R},6,Legendary Planeswalker — Chandra,Steve Argyle,6.18,20.98,2.8,0.03,https://img.scryfall.com/cards/large/front/4/3/43da8995-77da-4ec4-94a5-5e7932a3c969.jpg?1562611728,https://scryfall.com/card/zen/120/chandra-ablaze
466880,73151,M20,126,en,R,"Chandra, Acolyte of Flame",{1}{R}{R},3,Legendary Planeswalker — Chandra,Anna Steinbauer,5.62,10.01,4.89,1.4,https://img.scryfall.com/cards/large/front/2/c/2cabfcfe-012e-4cab-bba2-24052eac0946.jpg?1563899090,https://scryfall.com/card/m20/126/chandra-acolyte-of-flame
466881,73153,M20,127,en,M,"Chandra, Awakened Inferno",{4}{R}{R},6,Legendary Planeswalker — Chandra,Chris Rahn,15.33,33.53,15.27,22.74,https://img.scryfall.com/cards/large/front/4/9/49d2a680-4f3b-4bfa-b77b-d2dfaced9f23.jpg?1563899095,https://scryfall.com/card/m20/127/chandra-awakened-inferno
445853,67457,DOM,275,en,M,"Chandra, Bold Pyromancer",{4}{R}{R},6,Legendary Planeswalker — Chandra,Zack Stella,,2.97,2.87,2.07,https://img.scryfall.com/cards/large/front/b/a/ba9d2384-5c3f-4eb1-86b4-26ee13f1c767.jpg?1562741915,https://scryfall.com/card/dom/275/chandra-bold-pyromancer
461046,71844,WAR,119,en,R,"Chandra, Fire Artisan",{2}{R}{R},4,Legendary Planeswalker — Chandra,Yongjae Choi,1.06,4.97,1.24,0.1,https://img.scryfall.com/cards/large/front/d/2/d21a7b23-8827-49f2-ade4-75a602d17743.jpg?1557576642,https://scryfall.com/card/war/119/chandra-fire-artisan
398422,57994,ORI,135,en,M,"Chandra, Fire of Kaladesh // Chandra, Roaring Flame",{1}{R}{R},3,Legendary Creature — Human Shaman // Legendary Planeswalker — Chandra,Eric Deschamps,2.3,4.7,1.72,0.04,https://img.scryfall.com/cards/large/front/b/0/b0d6caf0-4fa8-4ec5-b7f4-1307474d1b13.jpg?1562036951,https://scryfall.com/card/ori/135/chandra-fire-of-kaladesh-chandra-roaring-flame
407614,59361,OGW,104,en,M,"Chandra, Flamecaller",{4}{R}{R},6,Legendary Planeswalker — Chandra,Jason Rainville,2.36,11.22,2.31,0.04,https://img.scryfall.com/cards/large/front/4/9/49fdd0d3-7140-4c12-a41c-37eedd986d9e.jpg?1562909973,https://scryfall.com/card/ogw/104/chandra-flamecaller
469847,73505,M20,294,en,M,"Chandra, Flame's Fury",{4}{R}{R},6,Legendary Planeswalker — Chandra,Magali Villeneuve,,5.03,,,https://img.scryfall.com/cards/large/front/5/d/5d1c6c4b-62ab-4d44-a2d7-64b44d163606.jpg?1563900219,https://scryfall.com/card/m20/294/chandra-flames-fury
393821,,JVC,34,en,M,Chandra Nalaar,{3}{R}{R},5,Legendary Planeswalker — Chandra,Kev Walker,,2.72,,,https://img.scryfall.com/cards/large/front/4/4/44108e96-1fb5-41e0-a391-0c111e0f4f11.jpg?1562378236,https://scryfall.com/card/jvc/34/chandra-nalaar
466882,73155,M20,128,en,U,"Chandra, Novice Pyromancer",{3}{R},4,Legendary Planeswalker — Chandra,Anna Steinbauer,0.19,1.39,0.16,0.03,https://img.scryfall.com/cards/large/front/d/6/d678cf4c-60e3-40a1-a9cc-b0bd157bcf36.jpg?1563899101,https://scryfall.com/card/m20/128/chandra-novice-pyromancer
420478,62187,KLD,265,en,M,"Chandra, Pyrogenius",{4}{R}{R},6,Legendary Planeswalker — Chandra,Jason Rainville,,1.06,1.97,,https://img.scryfall.com/cards/large/front/5/a/5ab8435b-5fe8-4074-8809-46aa6e5504c8.jpg?1562736116,https://scryfall.com/card/kld/265/chandra-pyrogenius
430581,,E01,42,en,M,"Chandra, Pyromaster",{2}{R}{R},4,Legendary Planeswalker — Chandra,Chris Rahn,1.53,,0.85,,https://img.scryfall.com/cards/large/front/7/a/7ab164f6-bfea-4519-bb44-80a716630f4f.jpg?1562917679,https://scryfall.com/card/e01/42/chandra-pyromaster
259205,45422,M13,123,en,M,"Chandra, the Firebrand",{3}{R},4,Legendary Planeswalker — Chandra,D. Alexander Gregory,1.76,6.86,1.98,0.14,https://img.scryfall.com/cards/large/front/b/e/beb039db-7367-4af1-8d85-4951f58e2732.jpg?1562559466,https://scryfall.com/card/m13/123/chandra-the-firebrand
417683,61573,KLD,110,en,M,"Chandra, Torch of Defiance",{2}{R}{R},4,Legendary Planeswalker — Chandra,Magali Villeneuve,12,32.15,12.2,1.4,https://img.scryfall.com/cards/large/front/f/f/ff8086cd-b868-4f4e-823e-2635ad7ebc07.jpg?1562746323,https://scryfall.com/card/kld/110/chandra-torch-of-defiance
413741,60731,EMA,199,en,M,Dack Fayden,{1}{U}{R},3,Legendary Planeswalker — Dack,Eric Deschamps,20.13,61.5,16.88,3,https://img.scryfall.com/cards/large/front/1/0/10158a5e-5a03-41ab-85d2-0907ccf32c9b.jpg?1562165446,https://scryfall.com/card/ema/199/dack-fayden
416831,,CN2,74,en,M,"Daretti, Ingenious Iconoclast",{1}{B}{R},3,Legendary Planeswalker — Daretti,Victor Adame Minguez,9.56,38.55,8.22,,https://img.scryfall.com/cards/large/front/a/d/ad30aec2-cb67-4c92-9694-d33bef1884ee.jpg?1562927285,https://scryfall.com/card/cn2/74/daretti-ingenious-iconoclast
446740,,CM2,4,en,M,"Daretti, Scrap Savant",{3}{R},4,Legendary Planeswalker — Daretti,Dan Scott,,3.86,2.11,,https://img.scryfall.com/cards/large/front/3/f/3f4e6adf-d52f-4087-a919-789a543a9a3e.jpg?1562273442,https://scryfall.com/card/cm2/4/daretti-scrap-savant
461010,71772,WAR,83,en,U,"Davriel, Rogue Shadowmage",{2}{B},3,Legendary Planeswalker — Davriel,Daarken,0.24,2.97,0.15,0.02,https://img.scryfall.com/cards/large/front/5/b/5b1a44f0-1db8-406a-b7d9-f883f947f7bd.jpg?1557576424,https://scryfall.com/card/war/83/davriel-rogue-shadowmage
461118,71988,WAR,191,en,R,"Domri, Anarch of Bolas",{1}{R}{G},3,Legendary Planeswalker — Domri,Raymond Swanland,0.79,3.29,0.81,0.11,https://img.scryfall.com/cards/large/front/c/1/c1af9881-e35b-4be2-8716-ea7c6664e22c.jpg?1557577104,https://scryfall.com/card/war/191/domri-anarch-of-bolas
457310,71332,RNA,166,en,M,"Domri, Chaos Bringer",{2}{R}{G},4,Legendary Planeswalker — Domri,Zack Stella,1.54,5.25,2.33,1.43,https://img.scryfall.com/cards/large/front/1/f/1f56bbf3-3884-495a-b9cd-6585d86f76f1.jpg?1549414759,https://scryfall.com/card/rna/166/domri-chaos-bringer
460003,70992,RNA,269,en,M,"Domri, City Smasher",{4}{R}{G},6,Legendary Planeswalker — Domri,Eric Deschamps,,1.55,,,https://img.scryfall.com/cards/large/front/8/f/8fe16cdb-90df-4670-a084-55c505791d85.jpg?1549415294,https://scryfall.com/card/rna/269/domri-city-smasher
425986,63429,MM3,161,en,M,Domri Rade,{1}{R}{G},3,Legendary Planeswalker — Domri,Tyler Jacobson,3.72,7.42,2.94,0.36,https://img.scryfall.com/cards/large/front/9/d/9d57a9dc-424e-4088-9df8-c9b9c8c688a3.jpg?1561766547,https://scryfall.com/card/mm3/161/domri-rade
459999,70984,RNA,265,en,M,"Dovin, Architect of Law",{4}{W}{U},6,Legendary Planeswalker — Dovin,Kieran Yanner,,1.98,,,https://img.scryfall.com/cards/large/front/b/0/b0c7cffe-8751-4da7-8c1c-59f472ef3735.jpg?1549415274,https://scryfall.com/card/rna/265/dovin-architect-of-law
417752,61575,KLD,179,en,M,Dovin Baan,{2}{W}{U},4,Legendary Planeswalker — Dovin,Tyler Jacobson,1.4,3.41,1.24,0.02,https://img.scryfall.com/cards/large/front/2/3/2344e710-4570-41b6-af84-a3e7d784003a.jpg?1562732667,https://scryfall.com/card/kld/179/dovin-baan
457311,71334,RNA,167,en,M,"Dovin, Grand Arbiter",{1}{W}{U},3,Legendary Planeswalker — Dovin,Kieran Yanner,1.21,4.8,1.9,1.54,https://img.scryfall.com/cards/large/front/e/6/e6784910-0204-4a39-bb38-50daa03e94c2.jpg?1549414763,https://scryfall.com/card/rna/167/dovin-grand-arbiter
461156,72064,WAR,229,en,U,"Dovin, Hand of Control",{2}{W/U},3,Legendary Planeswalker — Dovin,Kieran Yanner,0.21,2.01,0.13,0.01,https://img.scryfall.com/cards/large/front/b/d/bd6ff745-919b-4688-9e9e-ab7835b3b891.jpg?1557577351,https://scryfall.com/card/war/229/dovin-hand-of-control
370551,48798,MMA,13,en,M,"Elspeth, Knight-Errant",{2}{W}{W},4,Legendary Planeswalker — Elspeth,Volkan Baǵa,13.71,29.99,7.24,1.33,https://img.scryfall.com/cards/large/front/7/4/746d56ef-7ac5-403b-bca3-1cd267de97df.jpg?1561967814,https://scryfall.com/card/mma/13/elspeth-knight-errant
394361,,DDO,1,en,M,"Elspeth, Sun's Champion",{4}{W}{W},6,Legendary Planeswalker — Elspeth,Tyler Jacobson,,8.63,7.9,,https://img.scryfall.com/cards/large/front/9/6/96f1d11a-084d-4de7-9ed4-33158113520c.jpg?1562840252,https://scryfall.com/card/ddo/1/elspeth-suns-champion
212241,38337,SOM,6,en,M,Elspeth Tirel,{3}{W}{W},5,Legendary Planeswalker — Elspeth,Michael Komarck,10.41,18.8,5.92,0.11,https://img.scryfall.com/cards/large/front/e/b/ebe9116e-7b04-4f2a-aa67-89a42c6e1801.jpg?1562824693,https://scryfall.com/card/som/6/elspeth-tirel
450641,,C18,40,en,M,"Estrid, the Masked",{1}{G}{W}{U},4,Legendary Planeswalker — Estrid,Johannes Voss,,1.46,1.62,,https://img.scryfall.com/cards/large/front/3/3/3340b83e-72dc-42e2-9f93-92f732c047df.jpg?1561903878,https://scryfall.com/card/c18/40/estrid-the-masked
430330,,CMA,111,en,M,"Freyalise, Llanowar's Fury",{3}{G}{G},5,Legendary Planeswalker — Freyalise,Adam Paquette,,10.47,6.76,,https://img.scryfall.com/cards/large/front/c/b/cb67310a-da5d-4932-8694-2ad6afe5aeae.jpg?1562634527,https://scryfall.com/card/cma/111/freyalise-llanowars-fury
383251,53564,M15,210,en,M,"Garruk, Apex Predator",{5}{B}{G},7,Legendary Planeswalker — Garruk,Tyler Jacobson,12.19,30.5,9.52,0.24,https://img.scryfall.com/cards/large/front/a/3/a3957b43-4d7e-41f9-b7a1-6f57d6603ab8.jpg?1562792084,https://scryfall.com/card/m15/210/garruk-apex-predator
370687,49373,M14,172,en,M,"Garruk, Caller of Beasts",{4}{G}{G},6,Legendary Planeswalker — Garruk,Karl Kopinski,5.67,10.78,4.06,0.12,https://img.scryfall.com/cards/large/front/a/9/a96d0c67-e9f4-46d9-bd74-13a8606fdfe3.jpg?1562833561,https://scryfall.com/card/m14/172/garruk-caller-of-beasts
,,CELD,270,en,M,"Garruk, Cursed Huntsman",{4}{B}{G},6,Legendary Planeswalker — Garruk,Dmitry Burmak,,,,,https://img.scryfall.com/cards/large/front/e/a/ea9f8dd7-b774-40c5-9e67-3eb87bb72541.jpg?1567741074,https://scryfall.com/card/celd/270/garruk-cursed-huntsman
470713,77448,C19,167,en,M,"Garruk, Primal Hunter",{2}{G}{G}{G},5,Legendary Planeswalker — Garruk,D. Alexander Gregory,1.94,,2.09,,https://img.scryfall.com/cards/large/front/a/6/a6274dbf-f541-4b7b-a3dc-302197a4410e.jpg?1568004570,https://scryfall.com/card/c19/167/garruk-primal-hunter
245250,42744,ISD,181,en,M,"Garruk Relentless // Garruk, the Veil-Cursed",{3}{G},4,Legendary Planeswalker — Garruk // Legendary Planeswalker — Garruk,Eric Deschamps,3.63,16.73,2.87,0.07,https://img.scryfall.com/cards/large/front/b/4/b4160322-ff40-41a4-887a-73cd6b85ae45.jpg?1562835830,https://scryfall.com/card/isd/181/garruk-relentless-garruk-the-veil-cursed
393894,,GVL,1,en,M,Garruk Wildspeaker,{2}{G}{G},4,Legendary Planeswalker — Garruk,Terese Nielsen,,7.08,,,https://img.scryfall.com/cards/large/front/6/b/6b56c367-7ac8-4541-9f2e-1fdc9c5aecdc.jpg?1562920293,https://scryfall.com/card/gvl/1/garruk-wildspeaker
401897,58317,BFZ,29,en,M,"Gideon, Ally of Zendikar",{2}{W}{W},4,Legendary Planeswalker — Gideon,Eric Deschamps,6.06,14.96,6.39,1.66,https://img.scryfall.com/cards/large/front/1/8/187e887c-c39d-4d25-a506-cdc95fc70316.jpg?1562900856,https://scryfall.com/card/bfz/29/gideon-ally-of-zendikar
460940,71632,WAR,13,en,M,Gideon Blackblade,{1}{W}{W},3,Legendary Planeswalker — Gideon,Viktor Titov,5.4,16.66,6.25,2.13,https://img.scryfall.com/cards/large/front/3/9/39d51c5e-26cb-4276-a676-fabfef866248.jpg?1557575939,https://scryfall.com/card/war/13/gideon-blackblade
366345,47871,GTC,13,en,M,"Gideon, Champion of Justice",{2}{W}{W},4,Legendary Planeswalker — Gideon,David Rapoza,2.81,7.3,1.76,0.02,https://img.scryfall.com/cards/large/front/9/3/93d0509a-a863-4d9c-b39f-625a8cc1a547.jpg?1561837301,https://scryfall.com/card/gtc/13/gideon-champion-of-justice
430549,,E01,10,en,M,Gideon Jura,{3}{W}{W},5,Legendary Planeswalker — Gideon,Chris Rahn,2.41,,1.09,,https://img.scryfall.com/cards/large/front/f/b/fb4ed14d-369e-4dd0-a6bf-258f031855fb.jpg?1562942322,https://scryfall.com/card/e01/10/gideon-jura
429662,64202,AKH,270,en,M,"Gideon, Martial Paragon",{4}{W},5,Legendary Planeswalker — Gideon,Daarken,,1.85,2.66,,https://img.scryfall.com/cards/large/front/2/c/2c057ca8-9811-4dc3-9b0e-f9f69f752d1d.jpg?1561778768,https://scryfall.com/card/akh/270/gideon-martial-paragon
426716,63630,AKH,14,en,M,Gideon of the Trials,{1}{W}{W},3,Legendary Planeswalker — Gideon,Izzy,2.75,8.96,3.9,0.26,https://img.scryfall.com/cards/large/front/9/5/959ce13f-519f-4472-bbd1-f26a972723d7.jpg?1543674653,https://scryfall.com/card/akh/14/gideon-of-the-trials
463832,72172,WAR,265,en,M,"Gideon, the Oathsworn",{4}{W}{W},6,Legendary Planeswalker — Gideon,Kieran Yanner,,2.67,,,https://img.scryfall.com/cards/large/front/4/3/43e7331d-98b8-420f-a346-3f3521c3b258.jpg?1558667573,https://scryfall.com/card/war/265/gideon-the-oathsworn
435446,65627,XLN,285,en,M,"Huatli, Dinosaur Knight",{4}{R}{W},6,Legendary Planeswalker — Huatli,Anna Steinbauer,,2.44,3.57,0.64,https://img.scryfall.com/cards/large/front/6/a/6a5a6f7b-149d-46d3-9814-d38a302db17c.jpg?1562556991,https://scryfall.com/card/xln/285/huatli-dinosaur-knight
439817,66773,RIX,159,en,M,"Huatli, Radiant Champion",{2}{G}{W},4,Legendary Planeswalker — Huatli,Chris Rahn,3.83,9.24,3.07,0.14,https://img.scryfall.com/cards/large/front/3/9/39bcc48a-efdb-443f-93b8-bc0b54aa0eb8.jpg?1555040837,https://scryfall.com/card/rix/159/huatli-radiant-champion
461157,72066,WAR,230,en,U,"Huatli, the Sun's Heart",{2}{G/W},3,Legendary Planeswalker — Huatli,Lius Lasahido,0.15,0.94,0.1,0.01,https://img.scryfall.com/cards/large/front/d/7/d709742c-82a2-457e-9991-85e98d78029d.jpg?1557577357,https://scryfall.com/card/war/230/huatli-the-suns-heart
435380,65468,XLN,224,en,M,"Huatli, Warrior Poet",{3}{R}{W},5,Legendary Planeswalker — Huatli,Tyler Jacobson,1.77,5.23,1.56,0.07,https://img.scryfall.com/cards/large/front/a/0/a0cc61ba-e91a-4b30-841c-cae8dd288b40.jpg?1562561182,https://scryfall.com/card/xln/224/huatli-warrior-poet
463837,72182,WAR,270,en,M,"Jace, Arcane Strategist",{4}{U}{U},6,Legendary Planeswalker — Jace,Kieran Yanner,,3.07,,,https://img.scryfall.com/cards/large/front/b/6/b6a857fb-159f-40c4-8988-da91d8521a60.jpg?1558667625,https://scryfall.com/card/war/270/jace-arcane-strategist
380190,52501,DDM,1,en,M,"Jace, Architect of Thought",{2}{U}{U},4,Legendary Planeswalker — Jace,Igor Kieryluk,,1.23,,,https://img.scryfall.com/cards/large/front/5/4/5410254f-cf9d-46c2-acea-07298ae65924.jpg?1562914675,https://scryfall.com/card/ddm/1/jace-architect-of-thought
393851,,JVC,1,en,M,Jace Beleren,{1}{U}{U},3,Legendary Planeswalker — Jace,Kev Walker,,4.48,,,https://img.scryfall.com/cards/large/front/9/7/97956927-135f-47b0-8aef-cc63889eab5a.jpg?1562378464,https://scryfall.com/card/jvc/1/jace-beleren
435212,65132,XLN,60,en,M,"Jace, Cunning Castaway",{1}{U}{U},3,Legendary Planeswalker — Jace,Kieran Yanner,1.32,6.28,1.39,0.07,https://img.scryfall.com/cards/large/front/b/7/b75f56f2-88fd-44ba-ad02-56ea3391f173.jpg?1562562793,https://scryfall.com/card/xln/60/jace-cunning-castaway
435441,65617,XLN,280,en,M,"Jace, Ingenious Mind-Mage",{4}{U}{U},6,Legendary Planeswalker — Jace,Clint Cearley,,2.55,2.63,,https://img.scryfall.com/cards/large/front/e/3/e3b274f6-833f-430f-ac1a-d1d1d5b03e71.jpg?1562565659,https://scryfall.com/card/xln/280/jace-ingenious-mind-mage
370728,49253,M14,60,en,M,"Jace, Memory Adept",{3}{U}{U},5,Legendary Planeswalker — Jace,D. Alexander Gregory,3.66,8.98,3.58,0.02,https://img.scryfall.com/cards/large/front/2/8/2801a4ad-5d44-4414-af62-458c7f90dad6.jpg?1562827243,https://scryfall.com/card/m14/60/jace-memory-adept
383285,53570,M15,62,en,M,"Jace, the Living Guildpact",{2}{U}{U},4,Legendary Planeswalker — Jace,Chase Stone,1.94,4.67,1.65,0.01,https://img.scryfall.com/cards/large/front/9/9/99713bb4-186f-42b6-aa66-e94ec8858e6a.jpg?1562791409,https://scryfall.com/card/m15/62/jace-the-living-guildpact
442051,67038,A25,62,en,M,"Jace, the Mind Sculptor",{2}{U}{U},4,Legendary Planeswalker — Jace,Jason Chan,127.58,168.42,104.43,39.88,https://img.scryfall.com/cards/large/front/c/0/c057dc0d-4017-4e60-9c5e-45fc569a8d31.jpg?1562440655,https://scryfall.com/card/a25/62/jace-the-mind-sculptor
409812,59890,SOI,69,en,M,"Jace, Unraveler of Secrets",{3}{U}{U},5,Legendary Planeswalker — Jace,Tyler Jacobson,4.11,8.63,3.15,0.06,https://img.scryfall.com/cards/large/front/2/0/20d5521d-e9f1-49e0-aa13-8e6de794cb12.jpg?1562674245,https://scryfall.com/card/soi/69/jace-unraveler-of-secrets
398434,57880,ORI,60,en,M,"Jace, Vryn's Prodigy // Jace, Telepath Unbound",{1}{U},2,Legendary Creature — Human Wizard // Legendary Planeswalker — Jace,Jaime Jones,20.02,32.75,16.25,3.97,https://img.scryfall.com/cards/large/front/0/2/02d6d693-f1f3-4317-bcc0-c21fa8490d38.jpg?1562005031,https://scryfall.com/card/ori/60/jace-vryns-prodigy-jace-telepath-unbound
460981,71714,WAR,54,en,R,"Jace, Wielder of Mysteries",{1}{U}{U}{U},4,Legendary Planeswalker — Jace,Anna Steinbauer,1.87,7.68,0.99,0.15,https://img.scryfall.com/cards/large/front/6/a/6adb7d73-4482-4930-8497-cffd169b57e2.jpg?1557576232,https://scryfall.com/card/war/54/jace-wielder-of-mysteries
443020,67729,DOM,132,en,M,Jaya Ballard,{2}{R}{R}{R},5,Legendary Planeswalker — Jaya,Magali Villeneuve,1.12,5.23,1.35,0.03,https://img.scryfall.com/cards/large/front/f/a/fa25fedc-6038-48c8-b42a-817ac186492e.jpg?1562746099,https://scryfall.com/card/dom/132/jaya-ballard
461062,71876,WAR,135,en,U,"Jaya, Venerated Firemage",{4}{R},5,Legendary Planeswalker — Jaya,Yongjae Choi,0.14,0.79,0.09,0.01,https://img.scryfall.com/cards/large/front/1/2/129dc8a8-9fbc-4300-b559-243395dc6ed5.jpg?1557576752,https://scryfall.com/card/war/135/jaya-venerated-firemage
447070,,GS1,22,en,M,Jiang Yanggu,{4}{G},5,Legendary Planeswalker — Yanggu,Tingting Yeh,,2.07,1.22,,https://img.scryfall.com/cards/large/front/e/b/eb8dae9a-dac2-4b80-b546-852b989bd8c1.jpg?1562209422,https://scryfall.com/card/gs1/22/jiang-yanggu
461091,71934,WAR,164,en,U,"Jiang Yanggu, Wildcrafter",{2}{G},3,Legendary Planeswalker — Yanggu,Anna Steinbauer,0.16,1.53,0.1,0.01,https://img.scryfall.com/cards/large/front/1/0/10e0d47d-b13c-4d48-881f-8aaa347ef209.jpg?1557576929,https://scryfall.com/card/war/164/jiang-yanggu-wildcrafter
456601,70083,UMA,5,en,M,Karn Liberated,{7},7,Legendary Planeswalker — Karn,Jason Chan,57.31,76.7,48.95,26.38,https://img.scryfall.com/cards/large/front/6/9/69714257-2848-48e1-95cf-cdb6595215f0.jpg?1547515288,https://scryfall.com/card/uma/5/karn-liberated
442889,67467,DOM,1,en,M,"Karn, Scion of Urza",{4},4,Legendary Planeswalker — Karn,Chase Stone,6.72,31.22,7.02,0.43,https://img.scryfall.com/cards/large/front/0/7/07a3d9e8-8597-498b-869c-cff79e0df516.jpg?1562730952,https://scryfall.com/card/dom/1/karn-scion-of-urza
460928,71608,WAR,1,en,R,"Karn, the Great Creator",{4},4,Legendary Planeswalker — Karn,Wisnu Tan,8.74,34.43,9.67,33.88,https://img.scryfall.com/cards/large/front/3/e/3ec0c0fb-1a4f-45f4-85b7-346a6d3ce2c5.jpg?1566819742,https://scryfall.com/card/war/1/karn-the-great-creator
460983,71718,WAR,56,en,U,"Kasmina, Enigmatic Mentor",{3}{U},4,Legendary Planeswalker — Kasmina,Magali Villeneuve,0.17,1.96,0.14,0.01,https://img.scryfall.com/cards/large/front/c/7/c77d9454-a78c-4063-ad66-46b2f5a030aa.jpg?1557576244,https://scryfall.com/card/war/56/kasmina-enigmatic-mentor
461158,72068,WAR,231,en,U,"Kaya, Bane of the Dead",{3}{W/B}{W/B}{W/B},6,Legendary Planeswalker — Kaya,Magali Villeneuve,0.13,0.84,0.06,0.01,https://img.scryfall.com/cards/large/front/a/9/a9b575d3-f3f9-4ff4-8e5c-da7c2ec69882.jpg?1557577364,https://scryfall.com/card/war/231/kaya-bane-of-the-dead
416832,,CN2,75,en,M,"Kaya, Ghost Assassin",{2}{W}{B},4,Legendary Planeswalker — Kaya,Chris Rallis,15.99,,13.01,,https://img.scryfall.com/cards/large/front/e/9/e969921c-251a-4469-9578-e243d37dc9a7.jpg?1562938686,https://scryfall.com/card/cn2/75/kaya-ghost-assassin
457330,71372,RNA,186,en,M,"Kaya, Orzhov Usurper",{1}{W}{B},3,Legendary Planeswalker — Kaya,Yongjae Choi,3.15,26.1,5.27,4.19,https://img.scryfall.com/cards/large/front/f/d/fdb4b2ef-5196-4f7f-88ff-64b2cdb36c6b.jpg?1549414863,https://scryfall.com/card/rna/186/kaya-orzhov-usurper
461159,72070,WAR,232,en,U,"Kiora, Behemoth Beckoner",{2}{G/U},3,Legendary Planeswalker — Kiora,Jaime Jones,0.24,2.17,0.15,0.01,https://img.scryfall.com/cards/large/front/7/a/7a61b1a6-a75f-47b0-b215-de9708b6d773.jpg?1557577371,https://scryfall.com/card/war/232/kiora-behemoth-beckoner
401931,58491,BFZ,213,en,M,"Kiora, Master of the Depths",{2}{G}{U},4,Legendary Planeswalker — Kiora,Jason Chan,2.8,7.69,2.05,0.06,https://img.scryfall.com/cards/large/front/4/b/4b63c228-3265-4029-9bc0-36b3e31dfb53.jpg?1562912680,https://scryfall.com/card/bfz/213/kiora-master-of-the-depths
394380,,DDO,34,en,M,"Kiora, the Crashing Wave",{2}{G}{U},4,Legendary Planeswalker — Kiora,Tyler Jacobson,,2.88,2.1,,https://img.scryfall.com/cards/large/front/0/c/0c5c6b15-b72d-4341-92c2-7469210452da.jpg?1562839809,https://scryfall.com/card/ddo/34/kiora-the-crashing-wave
266362,43752,DDI,44,en,M,Koth of the Hammer,{2}{R}{R},4,Legendary Planeswalker — Koth,Eric Deschamps,,4.87,5.22,0.18,https://img.scryfall.com/cards/large/front/d/c/dccb325a-6fba-4a6f-af35-dc9e9de996a9.jpg?1562947569,https://scryfall.com/card/ddi/44/koth-of-the-hammer
398428,57876,ORI,23,en,M,"Kytheon, Hero of Akros // Gideon, Battle-Forged",{W},1,Legendary Creature — Human Soldier // Legendary Planeswalker — Gideon,Willian Murai,3.32,7.06,3.46,0.45,https://img.scryfall.com/cards/large/front/5/8/58c39df6-b237-40d1-bdcb-2fe5d05392a9.jpg?1562021001,https://scryfall.com/card/ori/23/kytheon-hero-of-akros-gideon-battle-forged
426799,63796,AKH,97,en,M,"Liliana, Death's Majesty",{3}{B}{B},5,Legendary Planeswalker — Liliana,Chris Rallis,7.1,16.94,5.51,0.03,https://img.scryfall.com/cards/large/front/4/0/40d8f490-f04d-4d59-9ab0-a977527fd529.jpg?1543675327,https://scryfall.com/card/akh/97/liliana-deaths-majesty
429667,64212,AKH,275,en,M,"Liliana, Death Wielder",{5}{B}{B},7,Legendary Planeswalker — Liliana,Clint Cearley,,5.24,4.91,,https://img.scryfall.com/cards/large/front/a/c/ac79d8f6-7c36-4eb9-8bda-3b813c634399.jpg?1561799334,https://scryfall.com/card/akh/275/liliana-death-wielder
461024,71800,WAR,97,en,M,"Liliana, Dreadhorde General",{4}{B}{B},6,Legendary Planeswalker — Liliana,Chris Rallis,12.57,34.48,11.3,2.16,https://img.scryfall.com/cards/large/front/d/7/d75ebba8-34ca-47a0-bf13-8318ad73b343.jpg?1557576510,https://scryfall.com/card/war/97/liliana-dreadhorde-general
398441,57940,ORI,106,en,M,"Liliana, Heretical Healer // Liliana, Defiant Necromancer",{1}{B}{B},3,Legendary Creature — Human Cleric // Legendary Planeswalker — Liliana,Karla Ortiz,12.21,23.06,7.26,0.56,https://img.scryfall.com/cards/large/front/9/f/9f25e1cf-eeb4-458d-8fb2-b3a2f86bdd54.jpg?1562033824,https://scryfall.com/card/ori/106/liliana-heretical-healer-liliana-defiant-necromancer
370658,49249,M14,102,en,M,Liliana of the Dark Realms,{2}{B}{B},4,Legendary Planeswalker — Liliana,D. Alexander Gregory,11.02,21.64,7.57,0.64,https://img.scryfall.com/cards/large/front/0/0/00cbe506-7332-4d29-9404-b7c6e1e791d8.jpg?1562825281,https://scryfall.com/card/m14/102/liliana-of-the-dark-realms
456700,70281,UMA,104,en,M,Liliana of the Veil,{1}{B}{B},3,Legendary Planeswalker — Liliana,Steve Argyle,72.94,106.75,63.75,48.08,https://img.scryfall.com/cards/large/front/e/6/e653437e-2e56-4443-aec5-5bb7d8860238.jpg?1547516945,https://scryfall.com/card/uma/104/liliana-of-the-veil
414388,61152,EMN,93,en,M,"Liliana, the Last Hope",{1}{B}{B},3,Legendary Planeswalker — Liliana,Anna Steinbauer,27.65,91.94,32.93,7.28,https://img.scryfall.com/cards/large/front/f/a/fa6ac7d2-0127-49a8-b7d2-a38308d3c27b.jpg?1562756459,https://scryfall.com/card/emn/93/liliana-the-last-hope
450238,68115,M19,291,en,M,"Liliana, the Necromancer",{3}{B}{B},5,Legendary Planeswalker — Liliana,Livia Prima,,11.56,5.12,,https://img.scryfall.com/cards/large/front/4/d/4d2cbc2c-dbe3-4ecb-8fbe-785cb80b9e76.jpg?1562302138,https://scryfall.com/card/m19/291/liliana-the-necromancer
447242,68373,M19,106,en,M,"Liliana, Untouched by Death",{2}{B}{B},4,Legendary Planeswalker — Liliana,Bastien L. Deharme,1.99,15.5,3.14,0.09,https://img.scryfall.com/cards/large/front/a/7/a7939170-f84e-44c6-b8bc-a180cf7f85d9.jpg?1562303461,https://scryfall.com/card/m19/106/liliana-untouched-by-death
393908,,GVL,32,en,M,Liliana Vess,{3}{B}{B},5,Legendary Planeswalker — Liliana,Terese Nielsen,,9.74,,,https://img.scryfall.com/cards/large/front/9/6/96bb667b-7240-4072-beb7-9a803c9eabe3.jpg?1562930474,https://scryfall.com/card/gvl/32/liliana-vess
450644,,C18,43,en,M,Lord Windgrace,{2}{B}{R}{G},5,Legendary Planeswalker — Windgrace,Bram Sels,,4.94,3.21,,https://img.scryfall.com/cards/large/front/2/1/213d6fb8-5624-4804-b263-51f339482754.jpg?1561901707,https://scryfall.com/card/c18/43/lord-windgrace
447049,,GS1,1,en,M,Mu Yanling,{4}{U}{U},6,Legendary Planeswalker — Yanling,林玄泰,,6.49,9.43,,https://img.scryfall.com/cards/large/front/a/2/a2ee3c3c-768b-434b-a121-6d897b2ae345.jpg?1562132001,https://scryfall.com/card/gs1/1/mu-yanling
469839,73489,M20,286,en,M,"Mu Yanling, Celestial Wind",{4}{U}{U},6,Legendary Planeswalker — Yanling,Yongjae Choi,,3.88,,,https://img.scryfall.com/cards/large/front/8/4/84ae9595-8e76-4d8c-a08c-00434be75672.jpg?1563900165,https://scryfall.com/card/m20/286/mu-yanling-celestial-wind
466822,73035,M20,68,en,M,"Mu Yanling, Sky Dancer",{1}{U}{U},3,Legendary Planeswalker — Yanling,G-host Lee,5.07,24.97,5.75,5.68,https://img.scryfall.com/cards/large/front/0/2/0240f9eb-e1b2-4b41-94b0-b00ad2850825.jpg?1563898672,https://scryfall.com/card/m20/68/mu-yanling-sky-dancer
461160,72072,WAR,233,en,U,"Nahiri, Storm of Stone",{2}{R/W}{R/W},4,Legendary Planeswalker — Nahiri,Aleksi Briclot,0.12,1.12,0.08,0.01,https://img.scryfall.com/cards/large/front/8/8/8806605c-0cb7-4360-96e4-afb424ccad90.jpg?1557577377,https://scryfall.com/card/war/233/nahiri-storm-of-stone
410012,59924,SOI,247,en,M,"Nahiri, the Harbinger",{2}{R}{W},4,Legendary Planeswalker — Nahiri,Aleksi Briclot,4.61,23.37,4.63,1.39,https://img.scryfall.com/cards/large/front/8/4/84d70487-21d1-4897-ac20-2a996e893b5b.jpg?1562693658,https://scryfall.com/card/soi/247/nahiri-the-harbinger
389612,55175,C14,10,en,M,"Nahiri, the Lithomancer",{3}{W}{W},5,Legendary Planeswalker — Nahiri,Eric Deschamps,5.52,,5.9,1.17,https://img.scryfall.com/cards/large/front/9/a/9a226eae-1c77-45a9-9115-f846b76681a3.jpg?1561951593,https://scryfall.com/card/c14/10/nahiri-the-lithomancer
460988,71728,WAR,61,en,U,"Narset, Parter of Veils",{1}{U}{U},3,Legendary Planeswalker — Narset,Magali Villeneuve,1.88,34.2,2.46,0.78,https://img.scryfall.com/cards/large/front/8/c/8c39f9b4-02b9-4d44-b8d6-4fd02ebbb0c5.jpg?1557576274,https://scryfall.com/card/war/61/narset-parter-of-veils
394633,56076,DTK,225,en,M,Narset Transcendent,{2}{W}{U},4,Legendary Planeswalker — Narset,Magali Villeneuve,9.11,34.03,7.62,0.06,https://img.scryfall.com/cards/large/front/4/8/4816d092-e34b-4397-8599-43d8e85a8f39.jpg?1562785614,https://scryfall.com/card/dtk/225/narset-transcendent
461134,72020,WAR,207,en,M,"Nicol Bolas, Dragon-God",{U}{B}{B}{B}{R},5,Legendary Planeswalker — Bolas,Raymond Swanland,8.41,40.74,8.42,0.93,https://img.scryfall.com/cards/large/front/9/8/98b68dea-a7be-4f99-8a50-4c8cf0e0f7a9.jpg?1562460749,https://scryfall.com/card/war/207/nicol-bolas-dragon-god
430829,64764,HOU,140,en,M,"Nicol Bolas, God-Pharaoh",{4}{U}{B}{R},7,Legendary Planeswalker — Bolas,Raymond Swanland,6.27,14.21,4.95,0.15,https://img.scryfall.com/cards/large/front/9/8/985e92f4-3904-41df-91f7-42eedbe3ccd2.jpg?1562807870,https://scryfall.com/card/hou/140/nicol-bolas-god-pharaoh
430624,,E01,85,en,M,"Nicol Bolas, Planeswalker",{4}{U}{B}{B}{R},8,Legendary Planeswalker — Bolas,Chris Rahn,5.5,,2.91,,https://img.scryfall.com/cards/large/front/9/e/9e80f2fc-06d4-4ce9-b23b-3e4af1208fa5.jpg?1562924504,https://scryfall.com/card/e01/85/nicol-bolas-planeswalker
432884,64476,HOU,205,en,M,"Nicol Bolas, the Deceiver",{5}{U}{B}{R},8,Legendary Planeswalker — Bolas,Svetlin Velinov,,6.97,7.82,,https://img.scryfall.com/cards/large/front/7/4/74239d78-1608-4b27-b2fd-8c7453f6b86b.jpg?1562803398,https://scryfall.com/card/hou/205/nicol-bolas-the-deceiver
447354,68597,M19,218,en,M,"Nicol Bolas, the Ravager // Nicol Bolas, the Arisen",{1}{U}{B}{R},4,Legendary Creature — Elder Dragon // Legendary Planeswalker — Bolas,Svetlin Velinov,10.63,62.34,10.02,0.22,https://img.scryfall.com/cards/large/front/7/b/7b215968-93a6-4278-ac61-4e3e8c3c3943.jpg?1566971561,https://scryfall.com/card/m19/218/nicol-bolas-the-ravager-nicol-bolas-the-arisen
432879,64466,HOU,200,en,M,"Nissa, Genesis Mage",{5}{G}{G},7,Legendary Planeswalker — Nissa,Chris Rallis,,2.42,3.51,,https://img.scryfall.com/cards/large/front/2/9/2923c85a-4022-4cda-bcbb-bb000137f64f.jpg?1562793463,https://scryfall.com/card/hou/200/nissa-genesis-mage
420483,62189,KLD,270,en,M,"Nissa, Nature's Artisan",{4}{G}{G},6,Legendary Planeswalker — Nissa,Willian Murai,,1.66,2.98,2.48,https://img.scryfall.com/cards/large/front/7/7/777533c3-0a87-4625-8987-d850fc236ddb.jpg?1562738104,https://scryfall.com/card/kld/270/nissa-natures-artisan
190411,34346,ZEN,170,en,M,Nissa Revane,{2}{G}{G},4,Legendary Planeswalker — Nissa,Jaime Jones,8.13,15.48,4.22,0.02,https://img.scryfall.com/cards/large/front/1/b/1b4c26ab-0f7b-4163-b9e4-a415b91352a6.jpg?1562610283,https://scryfall.com/card/zen/170/nissa-revane
426906,64010,AKH,204,en,M,"Nissa, Steward of Elements",{X}{G}{U},2,Legendary Planeswalker — Nissa,Howard Lyon,2.66,7.29,3.22,0.09,https://img.scryfall.com/cards/large/front/c/7/c79036a1-2239-4d4f-8b58-6cf9ac4863fc.jpg?1543676090,https://scryfall.com/card/akh/204/nissa-steward-of-elements
398438,58056,ORI,189,en,M,"Nissa, Vastwood Seer // Nissa, Sage Animist",{2}{G},3,Legendary Creature — Elf Scout // Legendary Planeswalker — Nissa,Wesley Burt,9.86,13.58,5.87,0.29,https://img.scryfall.com/cards/large/front/f/f/ff0063da-ab6b-499d-8e87-8b34d46f0372.jpg?1562209457,https://scryfall.com/card/ori/189/nissa-vastwood-seer-nissa-sage-animist
417736,61589,KLD,163,en,M,"Nissa, Vital Force",{3}{G}{G},5,Legendary Planeswalker — Nissa,Clint Cearley,3.49,8.55,3.77,0.14,https://img.scryfall.com/cards/large/front/b/b/bbaaa98a-ec40-4ff1-8762-a719cf1c475d.jpg?1562742256,https://scryfall.com/card/kld/163/nissa-vital-force
417424,,DDR,1,en,M,"Nissa, Voice of Zendikar",{1}{G}{G},3,Legendary Planeswalker — Nissa,Raymond Swanland,,3.6,3.62,,https://img.scryfall.com/cards/large/front/6/d/6de97cf1-49b6-40b2-ab7f-1c8eb98f92af.jpg?1562229687,https://scryfall.com/card/ddr/1/nissa-voice-of-zendikar
461096,71944,WAR,169,en,R,"Nissa, Who Shakes the World",{3}{G}{G},5,Legendary Planeswalker — Nissa,Chris Rallis,4.04,11.61,3.51,0.31,https://img.scryfall.com/cards/large/front/f/8/f857bbe4-5619-4733-a0c7-69700f2ef4f3.jpg?1557576960,https://scryfall.com/card/war/169/nissa-who-shakes-the-world
430607,,E01,68,en,M,"Nissa, Worldwaker",{3}{G}{G},5,Legendary Planeswalker — Nissa,Chris Rahn,4.12,,2.04,,https://img.scryfall.com/cards/large/front/4/a/4a37fbca-32db-40cc-9fd3-4764c7fd81e2.jpg?1562908556,https://scryfall.com/card/e01/68/nissa-worldwaker
389618,55211,C14,27,en,M,Ob Nixilis of the Black Oath,{3}{B}{B},5,Legendary Planeswalker — Nixilis,Daarken,5.76,,4.87,2.22,https://img.scryfall.com/cards/large/front/b/f/bf472be9-f375-455e-a800-7af5258f4e59.jpg?1561957127,https://scryfall.com/card/c14/27/ob-nixilis-of-the-black-oath
470670,77362,C19,124,en,M,Ob Nixilis Reignited,{3}{B}{B},5,Legendary Planeswalker — Nixilis,Chris Rahn,0.66,,0.78,,https://img.scryfall.com/cards/large/front/c/8/c8a33481-f7dc-475e-a797-4a962954a64d.jpg?1568004263,https://scryfall.com/card/c19/124/ob-nixilis-reignited
461027,71806,WAR,100,en,U,"Ob Nixilis, the Hate-Twisted",{3}{B}{B},5,Legendary Planeswalker — Nixilis,Yongjae Choi,0.2,1.05,0.07,0.01,https://img.scryfall.com/cards/large/front/1/4/14916e2d-73af-4747-a927-d2d4cb3e32db.jpg?1557576527,https://scryfall.com/card/war/100/ob-nixilis-the-hate-twisted
,,ELD,309,en,M,"Oko, the Trickster",{4}{G}{U},6,Legendary Planeswalker — Oko,Chris Rallis,,8.21,,,https://img.scryfall.com/cards/large/front/8/3/83e61813-c4c8-4e80-8808-ac5107966ee3.jpg?1568020350,https://scryfall.com/card/eld/309/oko-the-trickster
,,CELD,271,en,M,"Oko, Thief of Crowns",{1}{G}{U},3,Legendary Planeswalker — Oko,Wesley Burt,,,,,https://img.scryfall.com/cards/large/front/9/5/95da027e-34c1-4098-827d-1647693ad8f4.jpg?1567701033,https://scryfall.com/card/celd/271/oko-thief-of-crowns
455605,69357,GRN,265,en,M,"Ral, Caller of Storms",{4}{U}{R},6,Legendary Planeswalker — Ral,Kieran Yanner,,1.36,,,https://img.scryfall.com/cards/large/front/c/4/c44f0c60-5732-4c25-9ba9-4829f1891762.jpg?1538442711,https://scryfall.com/card/grn/265/ral-caller-of-storms
452945,69763,GRN,195,en,M,"Ral, Izzet Viceroy",{3}{U}{R},5,Legendary Planeswalker — Ral,Kieran Yanner,2.39,7.92,2.67,0.59,https://img.scryfall.com/cards/large/front/c/5/c52066b3-84dc-4198-8090-3336e7df8b5d.jpg?1538880491,https://scryfall.com/card/grn/195/ral-izzet-viceroy
461138,72028,WAR,211,en,R,"Ral, Storm Conduit",{2}{U}{R},4,Legendary Planeswalker — Ral,Wesley Burt,0.96,3.21,0.93,0.03,https://img.scryfall.com/cards/large/front/6/7/678ce3bf-152d-45ca-87ae-ad46c921328b.jpg?1557577231,https://scryfall.com/card/war/211/ral-storm-conduit
470744,77514,C19,198,en,M,Ral Zarek,{2}{U}{R},4,Legendary Planeswalker — Ral,Eric Deschamps,1.16,,1.38,,https://img.scryfall.com/cards/large/front/5/6/5639a7a6-8155-44b6-b22f-4596581002c3.jpg?1568004792,https://scryfall.com/card/c19/198/ral-zarek
,,ELD,304,en,M,"Rowan, Fearless Sparkmage",{3}{R}{R},5,Legendary Planeswalker — Rowan,Zack Stella,,8.49,,,https://img.scryfall.com/cards/large/front/0/3/030f4058-54e5-4333-bd6c-2789c334bf12.jpg?1568020111,https://scryfall.com/card/eld/304/rowan-fearless-sparkmage
445970,69240,BBD,2,en,M,Rowan Kenrith,{4}{R}{R},6,Legendary Planeswalker — Rowan,Anna Steinbauer,2.54,,2.11,1.66,https://img.scryfall.com/cards/large/front/7/8/789e690b-e4f3-499e-aa58-97c3b63b8d32.jpg?1562919191,https://scryfall.com/card/bbd/2/rowan-kenrith
417759,61597,KLD,186,en,M,Saheeli Rai,{1}{U}{R},3,Legendary Planeswalker — Saheeli,Willian Murai,7.98,18,4.85,1.15,https://img.scryfall.com/cards/large/front/9/4/94b38464-39cd-4ee6-b9bf-a0bc1e128d9a.jpg?1562739892,https://scryfall.com/card/kld/186/saheeli-rai
461161,72074,WAR,234,en,U,"Saheeli, Sublime Artificer",{1}{U/R}{U/R},3,Legendary Planeswalker — Saheeli,Wesley Burt,0.52,6.21,0.58,0.04,https://img.scryfall.com/cards/large/front/5/a/5a10b543-d5d4-42a8-9ee8-dada59a2ad7e.jpg?1557577385,https://scryfall.com/card/war/234/saheeli-sublime-artificer
450645,,C18,44,en,M,"Saheeli, the Gifted",{2}{U}{R},4,Legendary Planeswalker — Saheeli,Ryan Pancoast,,2.14,2.81,,https://img.scryfall.com/cards/large/front/c/a/ca095559-ac77-4186-8d9b-b75ce0607582.jpg?1561923185,https://scryfall.com/card/c18/44/saheeli-the-gifted
430833,64772,HOU,144,en,M,"Samut, the Tested",{2}{R}{G},4,Legendary Planeswalker — Samut,Aleksi Briclot,1.14,2.91,0.86,0.02,https://img.scryfall.com/cards/large/front/0/9/09f06f55-7918-46c4-80ff-0bf39e091a4a.jpg?1562788629,https://scryfall.com/card/hou/144/samut-the-tested
461162,72076,WAR,235,en,U,"Samut, Tyrant Smasher",{2}{R/G}{R/G},4,Legendary Planeswalker — Samut,Aleksi Briclot,0.18,0.9,0.09,0.01,https://img.scryfall.com/cards/large/front/e/0/e0457e3f-56c1-401b-8e08-f04b95c55e2d.jpg?1557577392,https://scryfall.com/card/war/235/samut-tyrant-smasher
450243,68125,M19,296,en,M,"Sarkhan, Dragonsoul",{4}{R}{R},6,Legendary Planeswalker — Sarkhan,Yongjae Choi,,11.06,6.65,,https://img.scryfall.com/cards/large/front/5/9/59715c84-8eed-41ad-aaf9-cfcce4445254.jpg?1562302221,https://scryfall.com/card/m19/296/sarkhan-dragonsoul
447290,68469,M19,154,en,M,"Sarkhan, Fireblood",{1}{R}{R},3,Legendary Planeswalker — Sarkhan,Grzegorz Rutkowski,3.4,13.31,4.46,0.19,https://img.scryfall.com/cards/large/front/3/5/3553a70e-75de-4a8c-9b20-92cd4a317101.jpg?1562301657,https://scryfall.com/card/m19/154/sarkhan-fireblood
386650,54246,KTK,119,en,M,"Sarkhan, the Dragonspeaker",{3}{R}{R},5,Legendary Planeswalker — Sarkhan,Daarken,1.24,4.38,1.01,0.01,https://img.scryfall.com/cards/large/front/c/5/c58064fd-4d8b-4f54-812f-0bb1d7e2ddc2.jpg?1562793263,https://scryfall.com/card/ktk/119/sarkhan-the-dragonspeaker
193659,36338,ROE,214,en,M,Sarkhan the Mad,{3}{B}{R},5,Legendary Planeswalker — Sarkhan,Chippy,6.8,24.59,4.12,0.02,https://img.scryfall.com/cards/large/front/2/6/26c1ba92-556e-4da9-8e3a-a4a82612cb29.jpg?1562702107,https://scryfall.com/card/roe/214/sarkhan-the-mad
461070,71892,WAR,143,en,R,Sarkhan the Masterless,{3}{R}{R},5,Legendary Planeswalker — Sarkhan,Kieran Yanner,0.93,3.65,0.87,0.1,https://img.scryfall.com/cards/large/front/2/b/2bb96971-5bf1-4ae3-98f4-7cd7a614bf97.jpg?1557576806,https://scryfall.com/card/war/143/sarkhan-the-masterless
394675,56192,DTK,230,en,M,Sarkhan Unbroken,{2}{G}{U}{R},5,Legendary Planeswalker — Sarkhan,Aleksi Briclot,7.26,18.18,5.1,0.15,https://img.scryfall.com/cards/large/front/1/9/192452f8-93c2-4a20-a52b-0093741a9e45.jpg?1562783094,https://scryfall.com/card/dtk/230/sarkhan-unbroken
370566,48806,MMA,183,en,M,Sarkhan Vol,{2}{R}{G},4,Legendary Planeswalker — Sarkhan,Daarken,7.29,13.97,5.75,0.22,https://img.scryfall.com/cards/large/front/1/8/181e20e9-94a2-40b6-abc4-797f588866bf.jpg?1561966396,https://scryfall.com/card/mma/183/sarkhan-vol
463975,72424,MH1,26,en,M,Serra the Benevolent,{2}{W}{W},4,Legendary Planeswalker — Serra,Magali Villeneuve,6.37,56.07,4.52,1.81,https://img.scryfall.com/cards/large/front/8/8/88bf4af9-4b14-43e7-9d50-0e6a895cece1.jpg?1562201209,https://scryfall.com/card/mh1/26/serra-the-benevolent
410016,59990,SOI,251,en,M,"Sorin, Grim Nemesis",{4}{W}{B},6,Legendary Planeswalker — Sorin,Eric Deschamps,6,17.37,4.38,0.2,https://img.scryfall.com/cards/large/front/c/2/c2933144-c931-498a-9e91-f5165873c3b7.jpg?1562706079,https://scryfall.com/card/soi/251/sorin-grim-nemesis
466869,73129,M20,115,en,M,"Sorin, Imperious Bloodlord",{2}{B},3,Legendary Planeswalker — Sorin,Chase Stone,10.35,24.1,9.93,7.79,https://img.scryfall.com/cards/large/front/9/f/9f764be3-dd3f-44b1-a4a6-807d1387590b.jpg?1563899017,https://scryfall.com/card/m20/115/sorin-imperious-bloodlord
368535,48155,DDK,1,en,M,"Sorin, Lord of Innistrad",{2}{W}{B},4,Legendary Planeswalker — Sorin,Chase Stone,,7.6,7.13,,https://img.scryfall.com/cards/large/front/3/2/329b9f70-2c35-4fec-813a-5b7f26d34c8e.jpg?1537149239,https://scryfall.com/card/ddk/1/sorin-lord-of-innistrad
238330,41263,M12,109,en,M,Sorin Markov,{3}{B}{B}{B},6,Legendary Planeswalker — Sorin,Michael Komarck,15.09,37.67,9.45,0.09,https://img.scryfall.com/cards/large/front/e/2/e25b3a89-3a99-4e02-bf0c-a3cf450da1a1.jpg?1562663343,https://scryfall.com/card/m12/109/sorin-markov
386672,54258,KTK,202,en,M,"Sorin, Solemn Visitor",{2}{W}{B},4,Legendary Planeswalker — Sorin,Cynthia Sheppard,3.27,9.88,3.58,1.13,https://img.scryfall.com/cards/large/front/d/a/da1a9643-34d6-4b4b-b896-2d4626eca40a.jpg?1562794474,https://scryfall.com/card/ktk/202/sorin-solemn-visitor
469843,73497,M20,290,en,M,"Sorin, Vampire Lord",{4}{B}{B},6,Legendary Planeswalker — Sorin,Chris Rallis,,5.74,,,https://img.scryfall.com/cards/large/front/b/f/bf20ea7b-e480-4b0e-b080-888f24d3c08d.jpg?1563900191,https://scryfall.com/card/m20/290/sorin-vampire-lord
461144,72040,WAR,217,en,R,"Sorin, Vengeful Bloodlord",{2}{W}{B},4,Legendary Planeswalker — Sorin,Tommy Arnold,1.23,5.35,1.41,0.07,https://img.scryfall.com/cards/large/front/3/5/354fe9bd-4ec8-409c-8ce5-b29393f3d169.jpg?1557577268,https://scryfall.com/card/war/217/sorin-vengeful-bloodlord
461147,72046,WAR,220,en,R,"Tamiyo, Collector of Tales",{2}{G}{U},4,Legendary Planeswalker — Tamiyo,Chase Stone,1.02,4.52,1.02,0.19,https://img.scryfall.com/cards/large/front/7/6/76776b24-a2e1-4590-88e7-8a421baf2fc4.jpg?1557577288,https://scryfall.com/card/war/220/tamiyo-collector-of-tales
414495,61262,EMN,190,en,M,"Tamiyo, Field Researcher",{1}{G}{W}{U},4,Legendary Planeswalker — Tamiyo,Tianhua X,7.05,23.4,5.31,0.53,https://img.scryfall.com/cards/large/front/9/f/9f9aced7-9ae9-432f-b8c0-caac9cad098b.jpg?1562744582,https://scryfall.com/card/emn/190/tamiyo-field-researcher
240070,43979,AVR,79,en,M,"Tamiyo, the Moon Sage",{3}{U}{U},5,Legendary Planeswalker — Tamiyo,Eric Deschamps,14.1,46.98,12.35,0.14,https://img.scryfall.com/cards/large/front/b/9/b9398926-13b9-47b8-b66b-1ab9d06bb704.jpg?1561883194,https://scryfall.com/card/avr/79/tamiyo-the-moon-sage
443095,67879,DOM,207,en,M,"Teferi, Hero of Dominaria",{3}{W}{U},5,Legendary Planeswalker — Teferi,Chris Rallis,16.66,78.26,17.92,1.82,https://img.scryfall.com/cards/large/front/5/d/5d10b752-d9cb-419d-a5c4-d4ee1acb655e.jpg?1562736365,https://scryfall.com/card/dom/207/teferi-hero-of-dominaria
389712,55209,C14,19,en,M,"Teferi, Temporal Archmage",{4}{U}{U},6,Legendary Planeswalker — Teferi,Tyler Jacobson,20.94,,18.15,1.65,https://img.scryfall.com/cards/large/front/8/0/80eec0bd-9eb4-4360-b97b-9c7985a63343.jpg?1567181379,https://scryfall.com/card/c14/19/teferi-temporal-archmage
445848,67447,DOM,270,en,M,"Teferi, Timebender",{4}{W}{U},6,Legendary Planeswalker — Teferi,Zack Stella,,1.35,2.15,0.56,https://img.scryfall.com/cards/large/front/e/b/eb2b7388-ac6b-45c0-a5cc-da6450724b59.jpg?1562744903,https://scryfall.com/card/dom/270/teferi-timebender
461148,72048,WAR,221,en,R,"Teferi, Time Raveler",{1}{W}{U},3,Legendary Planeswalker — Teferi,Chris Rallis,14.82,33.58,15.79,32.66,https://img.scryfall.com/cards/large/front/5/c/5cb76266-ae50-4bbc-8f96-d98f309b02d3.jpg?1557577295,https://scryfall.com/card/war/221/teferi-time-raveler
460959,71670,WAR,32,en,U,"Teyo, the Shieldmage",{2}{W},3,Legendary Planeswalker — Teyo,Magali Villeneuve,0.18,0.78,0.13,0.01,https://img.scryfall.com/cards/large/front/a/9/a974571c-d8d5-4860-9077-2023e5f32a24.jpg?1557576078,https://scryfall.com/card/war/32/teyo-the-shieldmage
214065,39301,MBS,97,en,M,"Tezzeret, Agent of Bolas",{2}{U}{B},4,Legendary Planeswalker — Tezzeret,Aleksi Briclot,22.33,59.65,15.32,2.43,https://img.scryfall.com/cards/large/front/0/f/0f3c8470-1cc8-4383-8782-c022867d46e8.jpg?1562609629,https://scryfall.com/card/mbs/97/tezzeret-agent-of-bolas
447215,68319,M19,79,en,M,"Tezzeret, Artifice Master",{3}{U}{U},5,Legendary Planeswalker — Tezzeret,Josh Hass,4.54,14.22,4.72,0.09,https://img.scryfall.com/cards/large/front/e/5/e5e12371-f05c-41cf-92ca-7cb17c2f7f1a.jpg?1562304834,https://scryfall.com/card/m19/79/tezzeret-artifice-master
450233,68105,M19,286,en,M,"Tezzeret, Cruel Machinist",{4}{U}{U},6,Legendary Planeswalker — Tezzeret,Zack Stella,,2.08,2.12,,https://img.scryfall.com/cards/large/front/2/7/277dbeea-103c-4c5b-8981-3f5f7e60c66a.jpg?1562300818,https://scryfall.com/card/m19/286/tezzeret-cruel-machinist
425697,63022,AER,190,en,M,"Tezzeret, Master of Metal",{4}{U}{B},6,Legendary Planeswalker — Tezzeret,Tyler Jacobson,,2.28,3.03,,https://img.scryfall.com/cards/large/front/d/7/d7c6614c-cc2b-4e5b-9c0d-ce8e4b2d8ea7.jpg?1562946467,https://scryfall.com/card/aer/190/tezzeret-master-of-metal
463842,72192,WAR,275,en,M,"Tezzeret, Master of the Bridge",{4}{U}{B},6,Legendary Planeswalker — Tezzeret,Chase Stone,,7.91,3.38,1.76,https://img.scryfall.com/cards/large/front/9/e/9ee1eea2-961f-445d-b035-6baed454f289.jpg?1558667755,https://scryfall.com/card/war/275/tezzeret-master-of-the-bridge
423804,62557,AER,137,en,M,Tezzeret the Schemer,{2}{U}{B},4,Legendary Planeswalker — Tezzeret,Ryan Alexander Lee,1.29,5.31,1.5,0.03,https://img.scryfall.com/cards/large/front/5/8/58265203-bc16-41d2-875c-2ff3b4870824.jpg?1562915712,https://scryfall.com/card/aer/137/tezzeret-the-schemer
397700,57088,MM2,62,en,M,Tezzeret the Seeker,{3}{U}{U},5,Legendary Planeswalker — Tezzeret,Anthony Francisco,19.46,19.61,7.72,0.1,https://img.scryfall.com/cards/large/front/c/f/cf339735-eb1a-46f0-8c3e-eae06f278eca.jpg?1562267436,https://scryfall.com/card/mm2/62/tezzeret-the-seeker
460964,71680,WAR,37,en,U,The Wanderer,{3}{W},4,Legendary Planeswalker,Wesley Burt,0.24,2.24,0.15,0.01,https://img.scryfall.com/cards/large/front/d/0/d0f0e463-9eed-4348-af7c-fde5f0d8188c.jpg?1557576115,https://scryfall.com/card/war/37/the-wanderer
461073,71898,WAR,146,en,U,"Tibalt, Rakish Instigator",{2}{R},3,Legendary Planeswalker — Tibalt,Chase Stone,0.31,2.08,0.14,0.02,https://img.scryfall.com/cards/large/front/7/f/7f9a24dc-8bc3-4528-8780-57fb108fdfbf.jpg?1557576823,https://scryfall.com/card/war/146/tibalt-rakish-instigator
368531,48161,DDK,41,en,M,"Tibalt, the Fiend-Blooded",{R}{R},2,Legendary Planeswalker — Tibalt,Chase Stone,,1.47,1.29,,https://img.scryfall.com/cards/large/front/f/a/fa56d53c-836c-483d-988d-a288d0ad91bb.jpg?1537149837,https://scryfall.com/card/ddk/41/tibalt-the-fiend-blooded
460929,71610,WAR,2,en,R,"Ugin, the Ineffable",{6},6,Legendary Planeswalker — Ugin,Daarken,4.28,13.68,3.75,0.94,https://img.scryfall.com/cards/large/front/7/b/7b003521-3da3-41bf-9765-36630653f902.jpg?1559562626,https://scryfall.com/card/war/2/ugin-the-ineffable
391948,55364,FRF,1,en,M,"Ugin, the Spirit Dragon",{8},8,Legendary Planeswalker — Ugin,Raymond Swanland,49.28,161.46,48.68,0.79,https://img.scryfall.com/cards/large/front/5/8/58c1e824-c8a9-4312-8e4c-a29a26d189a4.jpg?1562825451,https://scryfall.com/card/frf/1/ugin-the-spirit-dragon
439525,,UST,136,en,M,"Urza, Academy Headmaster",{W}{U}{B}{R}{G},5,Legendary Planeswalker — Urza,Terese Nielsen,3.15,30.01,1.68,,https://img.scryfall.com/cards/large/front/e/4/e4581455-5fa1-4c96-96b3-e9e9654f5a28.jpg?1562943241,https://scryfall.com/card/ust/136/urza-academy-headmaster
266078,43754,DDI,1,en,M,"Venser, the Sojourner",{3}{W}{U},5,Legendary Planeswalker — Venser,Eric Deschamps,,11.96,8.62,0.24,https://img.scryfall.com/cards/large/front/8/f/8f61a0ea-c2e8-4571-9669-19abd8bbc874.jpg?1562928807,https://scryfall.com/card/ddi/1/venser-the-sojourner
466953,73297,M20,199,en,M,"Vivien, Arkbow Ranger",{1}{G}{G}{G},4,Legendary Planeswalker — Vivien,Yongjae Choi,3.49,7.11,2.93,7.25,https://img.scryfall.com/cards/large/front/5/9/592c5e27-c538-425e-b41f-1d6708428853.jpg?1563899593,https://scryfall.com/card/m20/199/vivien-arkbow-ranger
461107,71966,WAR,180,en,R,"Vivien, Champion of the Wilds",{2}{G},3,Legendary Planeswalker — Vivien,Magali Villeneuve,1.82,5.7,1.6,0.1,https://img.scryfall.com/cards/large/front/f/f/ff3986d7-9b3d-4082-8d72-ce59c9fcd5d5.jpg?1557577031,https://scryfall.com/card/war/180/vivien-champion-of-the-wilds
469851,73513,M20,298,en,M,"Vivien, Nature's Avenger",{4}{G}{G},6,Legendary Planeswalker — Vivien,Chris Rallis,,3.76,,,https://img.scryfall.com/cards/large/front/f/7/f7ead409-3bce-47c8-ace7-498c38522369.jpg?1566424595,https://scryfall.com/card/m20/298/vivien-natures-avenger
450248,68135,M19,301,en,M,Vivien of the Arkbow,{4}{G}{G},6,Legendary Planeswalker — Vivien,Magali Villeneuve,,5.66,5.84,,https://img.scryfall.com/cards/large/front/8/c/8c185555-acd4-461a-821a-b21b7b0914a5.jpg?1562302949,https://scryfall.com/card/m19/301/vivien-of-the-arkbow
447344,68577,M19,208,en,M,Vivien Reid,{3}{G}{G},5,Legendary Planeswalker — Vivien,Anna Steinbauer,2.85,18.48,3.69,0.28,https://img.scryfall.com/cards/large/front/6/8/681fbd66-b622-4f20-a860-f101aff21109.jpg?1562302655,https://scryfall.com/card/m19/208/vivien-reid
452963,69799,GRN,213,en,M,"Vraska, Golgari Queen",{2}{B}{G},4,Legendary Planeswalker — Vraska,Magali Villeneuve,6.19,11.78,5.03,1.63,https://img.scryfall.com/cards/large/front/a/3/a36d3ea7-0f18-4865-b47b-755673db065e.jpg?1538880714,https://scryfall.com/card/grn/213/vraska-golgari-queen
455609,69365,GRN,269,en,M,"Vraska, Regal Gorgon",{5}{B}{G},7,Legendary Planeswalker — Vraska,Magali Villeneuve,,1.64,,,https://img.scryfall.com/cards/large/front/4/2/4299dbe6-c94d-4ecc-8bfd-741d2649cba1.jpg?1538442714,https://scryfall.com/card/grn/269/vraska-regal-gorgon
435388,65484,XLN,232,en,M,"Vraska, Relic Seeker",{4}{B}{G},6,Legendary Planeswalker — Vraska,Chris Rahn,1.47,7.39,1.22,0.03,https://img.scryfall.com/cards/large/front/9/6/967b7272-33a6-46e9-b0aa-4757aee54b3a.jpg?1562560392,https://scryfall.com/card/xln/232/vraska-relic-seeker
441891,66861,RIX,197,en,M,"Vraska, Scheming Gorgon",{4}{B}{B},6,Legendary Planeswalker — Vraska,Grzegorz Rutkowski,,3.59,3.57,,https://img.scryfall.com/cards/large/front/9/1/91685732-c118-4f52-ac77-f96866a687a3.jpg?1555041155,https://scryfall.com/card/rix/197/vraska-scheming-gorgon
461163,72078,WAR,236,en,U,"Vraska, Swarm's Eminence",{2}{B/G}{B/G},4,Legendary Planeswalker — Vraska,Anna Steinbauer,0.16,1.13,0.11,0.01,https://img.scryfall.com/cards/large/front/5/9/59ee2974-07e9-4506-903c-457cb7327dd8.jpg?1557577398,https://scryfall.com/card/war/236/vraska-swarms-eminence
470753,77536,C19,207,en,M,Vraska the Unseen,{3}{B}{G},5,Legendary Planeswalker — Vraska,Aleksi Briclot,0.76,,0.85,,https://img.scryfall.com/cards/large/front/a/6/a6ab9d2b-6cb3-4477-8d0e-712c530383bd.jpg?1568004856,https://scryfall.com/card/c19/207/vraska-the-unseen
445969,68730,BBD,1,en,M,Will Kenrith,{4}{U}{U},6,Legendary Planeswalker — Will,Anna Steinbauer,8.11,,4.85,1.89,https://img.scryfall.com/cards/large/front/b/e/be8061c6-21b8-4146-8917-c73a82060ffe.jpg?1562933306,https://scryfall.com/card/bbd/1/will-kenrith
464166,72806,MH1,217,en,M,Wrenn and Six,{R}{G},2,Legendary Planeswalker — Wrenn,Chase Stone,83.54,332.09,81.02,109.01,https://img.scryfall.com/cards/large/front/4/a/4a706ecf-3277-40e3-871c-4ba4ead16e20.jpg?1562202426,https://scryfall.com/card/mh1/217/wrenn-and-six
373502,50316,THS,209,en,M,"Xenagos, the Reveler",{2}{R}{G},4,Legendary Planeswalker — Xenagos,Jason Chan,4.06,10.48,3.07,0.07,https://img.scryfall.com/cards/large/front/3/a/3aecfe99-9c4b-4087-84ee-fb208fd22820.jpg?1562816849,https://scryfall.com/card/ths/209/xenagos-the-reveler